<?xml version="1.0" encoding="UTF-8"?>
<project-private xmlns="http://www.netbeans.org/ns/project-private/1">
    <editor-bookmarks xmlns="http://www.netbeans.org/ns/editor-bookmarks/2" lastBookmarkId="0"/>
    <open-files xmlns="http://www.netbeans.org/ns/projectui-open-files/2">
        <group>
            <file>file:/home/monyert/NetBeansProjects/DAM/Java%20Projects/JocDeRol_V6_Jordi_Sales/src/joc/Player.java</file>
            <file>file:/home/monyert/NetBeansProjects/DAM/Java%20Projects/JocDeRol_V6_Jordi_Sales/src/joc/Item.java</file>
            <file>file:/home/monyert/NetBeansProjects/DAM/Java%20Projects/JocDeRol_V6_Jordi_Sales/src/joc/Team.java</file>
            <file>file:/home/monyert/NetBeansProjects/DAM/Java%20Projects/JocDeRol_V6_Jordi_Sales/src/joc/Alien.java</file>
            <file>file:/home/monyert/NetBeansProjects/DAM/Java%20Projects/JocDeRol_V6_Jordi_Sales/src/inici/JocDeRol.java</file>
            <file>file:/home/monyert/NetBeansProjects/DAM/Java%20Projects/JocDeRol_V6_Jordi_Sales/src/joc/Human.java</file>
        </group>
    </open-files>
</project-private>
